
{
  "name": "SlimCrystal Presell Page",
  "version": "1.0",
  "elements": [
    {
      "type": "text",
      "style": "header",
      "content": "Have You Heard About Crystal Water?"
    },
    {
      "type": "image",
      "url": "image1.jpg",
      "alt": "Woman drinking crystal water"
    },
    {
      "type": "text",
      "style": "body",
      "content": "Energized water has been used for centuries. And now, SlimCrystal brings this ancient practice into your modern life with style and intention..."
    },
    {
      "type": "button",
      "text": "Yes, I want to discover SlimCrystal",
      "link": "https://2ad20p6sgki26q7nugq8ur0rd8.hop.clickbank.net"
    },
    {
      "type": "text",
      "style": "testimonials",
      "content": "@carol.glowlife: 'I’ve been feeling so much calmer and lighter...'
@wellness.with.lena: 'My mind is clearer...'
@mariahomevibes: 'The bottle looks gorgeous on my counter.'
@meditate.with.lu: 'My daily reset button.'"
    },
    {
      "type": "image",
      "url": "image2.jpg",
      "alt": "SlimCrystal bottle on towel"
    },
    {
      "type": "button",
      "text": "I’m ready to try SlimCrystal",
      "link": "https://2ad20p6sgki26q7nugq8ur0rd8.hop.clickbank.net"
    }
  ]
}
